{"name": "r1_wilderHouse", "displayName": "Gene Wilder's Former Home", "explored": "true", "open": "true", "objects": ["dogeCoin", "teslaKey"], "droppedObjects": [], "longMessage": "This quirky place is where you live.\nYou have an Oompa Loompa as a butler, of course.\nThere is a key holder hanging on the wall.\nThrough a window you see your Tesla parked outside to the east.", "shortMessage": "The Oompa Loompa greets you at the door.\n'Back so soon?'\nYou left the Tesla parked outside to the east.", "features": ["Oompa Loompa", "keyHolder"], "linked": ["r2_teslaRide"], "directions": {"east": "r2_teslaRide"}}